{"loss": 0.047101286972462485, "accuracy": 0.5865906509864356, "_runtime": 61, "_timestamp": 1639602469, "_step": 29}