{"loss": 0.047101286972462485, "accuracy": 0.5865906509864356, "_runtime": 60, "_timestamp": 1639601584, "_step": 0}