{"loss": 0.047101286972462485, "accuracy": 0.5865906509864356, "_runtime": 62, "_timestamp": 1639602385, "_step": 29}